{"cameraMode":{"drawMode":0,"name":"Shaded","section":"Shading Mode"},"sceneLighting":true,"audioPlay":false,"sceneViewState":{"showFog":true,"showMaterialUpdate":false,"showSkybox":true,"showFlares":true,"showImageEffects":true,"showParticleSystems":true},"in2DMode":false,"pivot":{"x":-2.0691988468170168,"y":1.6894911527633668,"z":-2.886519432067871},"rotation":{"x":-0.12277542054653168,"y":-0.18932990729808808,"z":0.023865630850195886,"w":-0.9739152789115906},"size":-0.7442764043807983,"orthographic":false}